{"cameraMode":{"drawMode":0,"name":"Shaded","section":"Shading Mode"},"sceneLighting":true,"audioPlay":false,"sceneViewState":{"showFog":false,"showMaterialUpdate":false,"showSkybox":false,"showFlares":false,"showImageEffects":false,"showParticleSystems":false},"in2DMode":false,"pivot":{"x":-11.197616577148438,"y":13.091574668884278,"z":-9.683367729187012},"rotation":{"x":0.24758242070674897,"y":0.5111174583435059,"z":-0.15660390257835389,"w":0.8080453276634216},"size":23.08332633972168,"orthographic":false}